top_level_folder,slice_number,annotation_number,full_line_length,boundary_boundary_length
350,1,1,38.557062,13.346541
350,1,2,17.442110,0.869339
350,1,3,15.620936,1.202627
350,1,4,15.653785,1.917424
350,1,5,21.094684,4.968801
350,1,6,14.520933,1.297050
350,1,7,18.674400,2.869196
350,1,8,18.065569,0.044606
350,1,9,13.656446,1.850874
350,1,10,19.349752,1.592744
350,1,11,11.701534,1.068479
350,2,1,20.501369,4.636980
350,2,2,12.770814,0.806989
350,2,3,11.742125,1.551718
350,2,4,18.794723,4.910156
350,2,5,16.728969,1.339742
350,2,6,18.199449,2.625657
350,2,7,15.919337,1.671551
350,2,8,18.389605,5.086861
350,2,9,19.448963,0.288895
350,2,10,17.308692,0.000000
350,2,11,21.022906,0.127025
350,2,12,12.422684,0.186924
350,3,1,12.341210,0.924736
350,3,2,13.433323,1.881429
350,3,3,16.281783,4.090336
350,3,4,16.907783,2.326687
350,3,5,16.719829,4.577940
350,3,6,19.160630,3.758203
350,3,7,19.122978,5.127936
350,3,8,14.570988,2.793485
350,3,9,28.917704,4.159519
350,3,10,18.917117,2.066631
350,3,11,17.079354,0.927800
350,3,12,15.682198,0.129318
350,3,13,21.001352,2.552541
350,3,14,19.812734,0.000000
350,3,15,22.713873,1.063083
352,1,1,27.965042,5.756473
352,1,2,10.371436,1.080836
352,2,1,8.810016,0.926803
352,2,2,21.525503,0.335756
353,1,1,20.144910,1.019454
353,1,2,15.627616,1.050262
353,1,3,16.085876,0.733263
353,1,4,20.907581,2.399832
353,1,5,19.579896,2.224948
353,1,6,18.518328,6.180238
353,1,7,17.573638,1.790563
353,1,8,17.527157,0.426923
353,1,9,28.263631,8.260340
353,1,10,22.821399,7.990518
353,2,1,20.474450,3.472180
353,2,2,18.504452,2.175915
353,2,3,31.661483,3.177180
353,2,4,18.386150,1.674321
353,2,5,21.464809,3.434587
353,2,6,19.540018,5.984423
353,2,7,17.330954,1.495029
353,2,8,24.027517,0.000000
353,2,9,11.920047,0.000000
353,2,10,18.501869,4.070222
353,3,1,22.874047,0.651471
353,3,2,28.655597,5.451907
353,3,3,18.121166,1.526176
353,3,4,29.903802,7.108069
353,3,5,26.172527,3.544827
353,3,6,24.429399,0.156695
353,3,7,23.457064,5.047690
353,3,8,27.611471,6.212946
353,3,9,16.470240,0.459369
353,3,10,13.507351,0.662873
353,3,11,21.388834,3.610624
353,3,12,13.522602,1.393517
353,3,13,16.532034,2.374123
353,3,14,15.103701,1.572055
355,1,1,11.320443,2.666002
355,1,2,13.152246,1.563942
355,1,3,16.618085,5.002987
355,1,4,17.728541,4.511400
355,1,5,13.373683,0.671602
355,1,6,11.522546,1.240166
355,1,7,23.460256,7.885471
355,1,8,19.655679,9.386619
355,1,9,8.543245,0.948638
355,1,10,14.057513,0.983718
355,2,1,16.739462,1.443492
355,2,2,10.339448,0.000000
355,2,3,9.856255,0.992811
355,2,4,15.359119,0.400161
355,2,5,11.964174,0.257949
355,2,6,12.653903,0.607962
355,2,7,29.677689,7.694625
355,2,8,20.689784,9.059251
355,2,9,17.242552,5.071096
355,2,10,12.457729,0.849222
355,2,11,17.278826,6.881273
355,2,12,17.929037,3.503147
356,1,1,22.021272,1.789306
356,1,2,20.301204,1.066880
356,1,3,19.684736,0.000000
356,1,4,15.502269,0.364751
356,1,5,15.408299,1.139521
356,1,6,27.257893,9.826940
356,1,7,32.721513,5.304596
356,1,8,30.931642,6.428218
356,1,9,27.571192,2.253675
356,1,10,35.517045,6.545193
356,2,1,23.007833,0.930985
356,2,2,25.453264,3.402598
356,2,3,28.616608,1.560125
356,2,4,15.598749,1.218654
356,2,5,19.258286,1.707552
356,2,6,19.283791,0.609307
356,2,7,28.402403,10.138434
356,2,8,29.868032,2.819405
356,2,9,27.367844,1.896832
356,2,10,39.887256,4.673884
359,2,1,21.931645,4.176609
359,2,2,24.547851,12.263118
359,2,3,10.315556,0.860034
359,2,4,11.859642,2.009713
359,3,1,27.257044,6.158595
359,3,2,16.070730,16.070730
359,3,3,18.774254,5.891691
359,3,4,14.791443,2.483502
359,3,5,27.264751,11.873598
359,3,6,16.032019,3.717827
359,4,1,19.978386,9.887244
359,4,2,12.094107,2.806970
359,4,3,12.359369,2.751955
359,4,4,8.967416,1.111710
362,1,1,16.938780,1.413626
362,1,2,23.571848,9.628140
362,1,3,11.028310,0.595852
362,1,4,17.388435,2.554962
362,1,5,14.148892,2.628727
362,1,6,15.401242,1.380018
362,1,7,19.310170,0.748511
362,1,8,17.543319,0.000000
362,1,9,15.885194,1.798356
362,1,10,15.719087,0.000000
362,2,1,20.936813,5.391941
362,2,2,11.619755,0.421404
362,2,3,14.249334,0.693482
362,2,4,11.774880,0.190404
362,2,5,15.340318,0.632585
362,2,6,19.206404,1.752399
362,2,7,17.126518,2.902272
362,2,8,17.393155,4.210480
362,2,9,25.021015,9.390412
362,2,10,17.144372,4.253306
362,2,11,18.530799,3.658162
362,3,1,8.918200,0.391661
362,3,2,13.068135,0.822829
362,3,3,11.964157,0.819012
362,3,4,13.755344,0.248669
362,3,5,18.474796,2.520378
362,3,6,11.048294,0.000000
362,3,7,16.888911,1.727561
362,3,8,14.150874,1.643449
362,3,9,16.165402,3.296659
362,3,10,21.293836,1.713626
365,1,1,13.791873,2.046725
365,1,2,7.665567,1.007374
365,1,3,21.805619,10.380813
365,1,4,19.287037,2.417530
365,2,1,6.745243,0.145636
365,2,2,13.076203,1.581163
365,3,1,16.697654,1.796160
365,3,2,6.315137,0.618472
365,3,3,16.225892,1.785952
365,3,4,16.016433,0.236520
365,3,5,12.538980,1.975023
369,1,1,32.469736,5.130260
369,2,1,17.280278,1.382583
369,2,2,16.460273,1.541078
369,2,3,17.189790,0.052446
369,2,4,16.049979,1.487277
369,2,5,17.736225,1.214457
369,2,6,16.710953,1.667283
369,3,1,18.700300,2.835009
369,3,2,16.991951,0.882231
369,3,3,22.464586,5.206568
369,3,4,25.043777,8.554824
369,3,5,17.762451,1.840146
369,3,6,12.650105,0.000000
369,3,7,15.943024,3.375209
372,1,1,25.909753,3.443684
372,1,2,29.410260,2.496839
372,1,3,16.785181,0.846652
372,1,4,34.499036,1.731647
372,1,5,33.154382,6.735243
372,1,6,25.511195,2.040640
372,1,7,17.649701,0.852570
372,1,8,15.383951,1.581549
372,1,9,12.601029,0.000000
372,1,10,22.070059,2.507523
372,2,1,21.594810,4.051209
372,2,2,20.472240,0.435651
372,2,3,26.996838,4.208466
372,2,4,35.178306,1.375751
372,2,5,23.999666,3.433144
372,2,6,26.993794,4.287302
372,2,7,17.531105,0.237428
372,2,8,12.573664,0.164453
372,2,9,22.400195,1.278743
372,2,10,18.184179,0.960790
375,1,1,23.184966,8.529198
375,1,2,18.637113,0.445303
375,1,3,17.857812,5.381393
375,1,4,16.045692,0.900096
375,1,5,17.499435,1.269143
375,1,6,20.849869,0.010767
375,1,7,23.876890,9.661844
375,1,8,27.207250,7.528831
375,1,9,24.198213,2.312297
375,2,1,24.064591,1.561897
375,2,2,20.369243,0.775829
375,2,3,21.934313,0.843186
375,2,4,25.127707,4.424235
375,2,5,17.730734,1.261356
375,2,6,9.013673,0.757365
375,2,7,14.821232,5.663631
375,2,8,14.489128,3.516555
375,3,1,12.919317,0.999846
375,3,2,9.720559,0.349603
375,3,3,19.642400,1.423620
375,3,4,24.257091,2.213740
375,3,5,18.316885,0.533832
375,3,6,20.496354,5.686842
375,3,7,20.083062,2.642774
378,1,1,23.495350,1.604220
378,1,2,17.406694,0.679114
378,1,3,18.615993,2.706306
378,1,4,26.230828,4.700756
378,1,5,23.653509,1.482764
378,1,6,16.048161,0.170958
378,1,7,30.842497,1.824645
378,1,8,19.050767,0.535587
378,1,9,17.374412,0.215238
378,1,10,26.368031,3.638212
378,2,1,15.184382,0.000000
378,2,2,22.134503,3.013957
378,2,3,25.699414,0.657718
378,2,4,34.780120,9.448986
378,2,5,37.966479,3.502642
378,2,6,16.585730,0.947198
378,2,7,23.818910,3.941441
378,2,8,18.962758,3.770086
378,2,9,31.295712,4.996952
378,2,10,24.811906,1.286730
378,3,1,15.093357,0.577936
378,3,2,20.271269,0.282920
378,3,3,37.899867,3.684280
378,3,4,18.702526,0.444766
378,3,5,31.020458,2.840627
378,3,6,27.022839,2.513009
378,3,7,33.917177,8.715988
378,3,8,17.962076,3.803985
383,1,1,20.861898,6.549733
383,1,2,17.424565,1.974005
383,1,3,6.582261,1.256507
383,2,1,9.881199,0.977294
383,2,2,20.072414,5.362030
383,2,3,12.647280,1.011782
388,1,1,16.033581,2.452926
388,1,2,24.840937,0.000000
388,1,3,22.012429,1.127036
388,1,4,25.329621,7.855900
388,1,5,24.767761,3.385535
388,1,6,25.818216,0.000000
388,1,7,18.187999,2.608645
388,1,8,29.671842,8.851060
388,1,9,18.227632,1.788092
388,1,10,24.905698,2.122852
388,1,11,29.755760,0.525039
388,1,12,19.002331,4.227629
388,1,13,22.912356,4.492868
388,1,14,15.362277,1.289174
388,2,1,23.172437,0.868885
388,2,2,22.939179,6.475756
388,2,3,28.400595,0.000000
388,2,4,23.314174,4.605384
388,2,5,26.786926,5.659131
388,2,6,18.158350,1.760594
388,2,7,22.106392,7.998929
388,2,8,20.566555,1.271333
388,2,9,18.854351,0.027554
389,1,1,16.080012,4.656402
389,1,2,15.037822,2.556949
389,1,3,24.814157,5.201723
389,1,4,17.758564,0.570396
389,1,5,19.493076,1.010951
389,1,6,17.153266,0.543907
389,1,7,16.568548,1.649338
389,1,8,31.532590,6.458744
389,1,9,10.725329,0.000000
389,1,10,14.989449,0.393438
389,2,1,11.638098,0.261664
389,2,2,14.650905,1.311162
389,2,3,17.107087,1.341778
389,2,4,23.449130,3.966793
389,2,5,20.431397,3.959053
389,2,6,11.306719,0.271223
389,2,7,18.967269,0.644025
390,1,1,31.232788,8.458390
390,1,2,35.325694,7.526289
390,1,3,19.380595,0.904298
390,1,4,39.159624,1.251027
390,1,5,21.045611,0.764751
390,2,1,28.106861,6.839823
390,2,2,35.473604,6.392304
390,2,3,18.811549,0.348400
390,2,4,39.108757,5.641257
390,2,5,29.644830,0.375080
